species,n,percent
Chinstrap,34,0.20606060606060606
Gentoo,58,0.3515151515151515
Adelie,73,0.44242424242424244
